route_id,stops,stop_names,num_stops,total_distance_km
Route_1,ADELADA1 → RIVEWIL1 → BEAVHORI → SOUTGAR1 → WONDBEA2 → WINDTAL2 → WINDTAL1 → WINDRIC2 → FANSNCR3 → FANSNCR2 → WINDDOO2 → WINDADE2 → WINDDOO3 → WILLREGE → ADELADA1,Adelaide at Ada NB - #20 → Riverside at Wilson EB - #1602 → Beaverbrook at Horizon WB - #225 → Southcrest at Gardenwood Dr WB - #2766 → Wonderland at Beaverbrook Ave SB - #2098 → Windermere at Tallwood WB - #2086 → Windermere at Tallwood EB - #2085 → Windermere at Richmond  WB - #2084 → Fanshawe east of North Centre EB - #706 → Fanshawe west of North Centre WB - #705 → Windermere at Doon Dr  2 WB - #2080 → Windermere at Adelaide WB - #2077 → 655 - 665 Windermere EB - #2081 → William at Regent SB - #2071 → Adelaide at Ada NB - #20,15,26.37
Route_2,ADELADA1 → ELMWCATH → EDWAELMW → WHARELM1 → WHARDEVO → WHARCENT → BERKGAR4 → WHARCOM1 → WESTMAL2 → WONDPVA1 → WESTMAL1 → VALEOAKR → OXFOCHE2 → OXFOBEA1 → RICHOXF1 → HAMILTGR → ADELADA1,Adelaide at Ada NB - #20 → Elmwood at Cathcart WB - #641 → Edward at Elmwood SB - #634 → Wharncliffe at Elmwood NB - #2031 → Wharncliffe at Devonshire  NB - #2029 → Wharncliffe at Center SB - #2024 → Berkshire north of Gardenwood SB - #241 → Wharncliffe at Commissioners NB - #2026 → Westmount Mall at Stop 2 - #1998 → Wonderland at PineValley Gate NB - #2119 → Westmount Mall at Stop 1 - #1997 → Valetta at Oakridge Dr EB - #1841 → Oxford at Cherryhill Blvd WB - #1271 → Oxford at Beaverbrook EB - #1263 → Richmond at Oxford NB - #1494 → Hamilton at Little Grey WB - #863 → Adelaide at Ada NB - #20,17,24.75
Route_3,ADELADA1 → OXFOGAM1 → BRIAMEL3 → FANSRIC1 → PINNPLN1 → PINNMCGA → PLANFAIR → MEADSUNN → MEADSUN1 → PINNFANS → ALDEREX2 → WHAROXF2 → KINGWEL2 → ADELADA1,Adelaide at Ada NB - #20 → Oxford at Gammage EB - #1296 → Briarhill south of Melsandra 2 SB - #2601 → Fanshawe east of Richmond EB - #709 → Pinnacle at Plane Tree SB - #2860 → Pinnacle at McGarrell NS SB - #2859 → Plane Tree at Faircloth NS EB - #2863 → Meadowlands at Sunningdale NB - #2856 → Meadowlands at Sunningdale SB - #2855 → Pinnacle at Fanshawe FS SB - #2858 → Aldersbrook at Rexway SB - #135 → Wharncliffe at Oxford SB - #2047 → King at Wellington Station EB - #2916  → Adelaide at Ada NB - #20,14,25.43
Route_4,ADELADA1 → CHIDWILK → CHIDCHID → NIXOWIMB → NIXOSDAL → JALNBRA4 → JALNCOLE → JALNERI1 → JALNCHES → EXETMEA2 → JALNARC5 → ERNEELVI → WONDMMA1 → ANDOVIS3 → SOUTNOD1 → SOUTNOD2 → HIGVWHA4 → COMMWHAR → WHARCOM2 → WHAREME2 → WHARELM2 → WHAREME1 → ADELADA1,Adelaide at Ada NB - #20 → Chiddington at Wilkins NB - #390 → Chiddington Ave at Chiddington Gt SB - #384 → Nixon at Southdale NB - #1237 → Nixon at Southdale SB - #1236 → Jalna south of Bradley SB - #1047 → Jalna at Colette NB - #1050 → Jalna at Erica NB - #1051 → Jalna at Cheswick Circle NB - #1048 → Exeter at Meadowbrook NS WB - #2823 → Jalna south of Archer 2 SB - #2598 → Ernest at Elvira SB - #658 → Wonderland North of McMaster NB - #2111 → Andover north of Viscount  NB - #164 → Southdale West of Notre Dame Dr  EB - #1694 → Southdale East of Notre Dame WB - #1695 → Highview at Wharncliffe WB - #951 → COMMISSIONERS & WHARNCLIF - #2312 → Wharncliffe at Commissioners SB - #2027 → Wharncliffe at Emery SB - #2034 → Wharncliffe at Elmwood SB - #2032 → Wharncliffe at Emery NB - #2033 → Adelaide at Ada NB - #20,23,27.12
Route_5,ADELADA1 → GREYCOLB → WHARTEC2 → SPRIHIC1 → HYDEFIG1 → HYDEFIG2 → HYDEIVAN → HYDEOXF2 → HYDEOXF1 → RIVESAN2 → WONDALDE → WONDBEA1 → WONDSAR2 → ADELADA1,Adelaide at Ada NB - #20 → Grey at Colborne WB - #804 → Wharncliffe at Tecumseh SB - #2055 → Springbank at Hillcrest Dr EB - #1738 → Hyde Park at Fiddlers Green NB - #1026 → Hyde Park at Fiddlers Green SB - #1027 → Hyde Park at Ivanhill NB - #1028 → Hyde Park at Oxford SB - #1030 → Hyde Park south of Oxford NB - #1029 → Riverside at Sanatorium WB - #1593 → Wonderland at Aldersbrook Rd SB - #2095 → Wonderland at Beaverbrook NB - #2097 → Wonderland South of Sarnia  SB - #2322 → Adelaide at Ada NB - #20,14,28.15
Route_6,ADELADA1 → DUFFPICT → WHARRIG1 → OXFOTAL1 → ALUMHAL1 → PINNERIV → WESTPLA1 → ALDEALD2 → BLACWWA2 → GAINWON4 → WHAREMPR → ADELADA1,Adelaide at Ada NB - #20 → Dufferin at Picton EB - #532 → Wharncliffe at The Ridgeway NB - #2050 → Oxford at Talbot EB - #1350 → Alumni Hall EB - #141 → Pinnacle at East Rivertrace Walk NS NB - #2857 → Western at Platts Lane NB - #2001 → Aldersbrook Gt at Aldersbrook Rd SB - #2188 → Blackacres at Winding Way WB - #269 → Gainsborough between Wonderland & Limberlost WB - #2343 → Wharncliffe at Blackfriars NB - #2035 → Adelaide at Ada NB - #20,12,27.32
Route_7,ADELADA1 → HIGBTRA1 → HALETRA2 → WAVEVANC → WAVEEDM1 → WAVEDUN6 → HUDSFROB → HUDSJOLI → BONANAPO → SOVETART → SOVETRA1 → SOVEBEL2 → ADMISOVE → BONASIMP → BECKTUDO → HIGBKIL1 → HUROWEB1 → HUROHIG3 → HUROHIG2 → HUROMCN2 → HUROBARK → HUROBRI1 → HUROADE6 → ADELPAMA → FLORELE1 → ADELADA1,Adelaide at Ada NB - #20 → Highbury at Trafalgar NB - #926 → Hale at Trafalgar SB - #842 → Wavell at Vancouver St. EB - #1916 → Wavell at Edmonton St EB - #1907 → Wavell at Dundas SB - #1906 → Hudson at Frobisher EB - #991 → Hudson at Joliet NB - #992 → Bonaventure at Napoleon Cr SB - #284 → Sovereign at Tartan SB - #1720 → Sovereign at Trafalgar NB - #1721 → Sovereign at Belleisle Crt SB - #1717 → Admiral at Sovereign WB - #100 → Bonaventure at Simpson Cr SB - #285 → Beckworth at Tudor EB - #233 → Highbury at Kilally NB - #2234 → Huron at Webster Stop 1 EB - #1021 → Huron east of Highbury EB - #1009 → Huron east of Highbury WB - #1008 → Huron at McNay WB - #1012 → Huron at Barker WB - #999 → Huron at Briarhill EB - #1002 → 648 Huron - #998 → Adelaide at McMahen SB - #69 → Florence at Eleanor EB - #738 → Adelaide at Ada NB - #20,26,29.03
Route_8,ADELADA1 → RIDOYORK → BEAVOXF1 → OXFOROY2 → SPRIWES3 → GRIFBOLE → COMMSPR2 → SARNALD2 → BASECOTS → WHARBAS1 → WHAREUCL → RIDOCRA2 → ADELADA1,Adelaide at Ada NB - #20 → Ridout at York SB - #1558 → Beaverbrook at Oxford NB - #226 → Oxford at Royal York WB - #1338 → Springbank at Westmount EB - #1752 → Griffith at Boler EB - #810 → Commissioners & Springbank Dr WB - #480 → Sarnia at Aldersbrook WB - #1636 → Base Line at Cotswold WB - #2605 → Wharncliffe & Base Line FS NB - #2015 → Wharncliffe at Euclid NB - #2037 → Ridout at Craig SB - #1538 → Adelaide at Ada NB - #20,13,29.35
Route_9,ADELADA1 → HALESTE2 → OXFOCLA2 → OXFOCLA3 → INDUPAG1 → OXFOCLA5 → ADMIBON1 → MARCWOOD → HAMICLA1 → LIGHEMER → DEVEBANB → PONDMIR3 → PONDMIR1 → DEVEPOND → COMMPOM4 → KINGVERM → KINGSCE2 → KINGTHO2 → KINGDIP1 → ADELADA1,Adelaide at Ada NB - #20 → Hale at Stevenson SB - #840 → General Dynamics Gate 1 WB - #1274 → General Dynamics Gate 1 EB - #1275 → Industrial north of Page 1 NB - #1035 → Oxford west of Clarke EB - #1276 → Admiral at Bonaventure EB - #93 → Marconi at Woodview WB - #2671 → Clarke at Hamilton NB - #2653 → Lighthouse at Emerald NB - #2476 → Deveron at Banbury NB - #2816 → Pond Mills at Millridge NB - #1417 → 450 Pond Mills - #1415 → Deveron at Pond Mills EB - #2819 → Commissioners west of Pondmills WB - #478 → King Edward at Vermont Ave NB - #1090 → King Edward at Scenic SB - #1088 → King Edward at Thompson SB - #1089 → King Edward at Dieppe NB - #2333 → Adelaide at Ada NB - #20,20,24.48
Route_10,ADELADA1 → FLOREGE2 → DUNDDORI → DUNDMCOR → HIGBOXF2 → SANDBEC1 → SANDBENT → CULVCUL2 → GOREBRA2 → MONTFUND → MONTTWE2 → HIGBCALV → HAMIMAME → ADELADA1,Adelaide at Ada NB - #20 → Florence at Egerton WB - #737 → Dundas at Burbrook Station WB - #554 → Dundas at McCormick Blvd WB - #2219 → 953 Highbury - #923 → Sandford at Beckworth NB - #1618 → Sandford at Bentley SB - #1620 → Culver at Culver Court WB - #2313 → Gore at Braesyde EB - #2646 → Montabello at Fundy NB - #1199 → Montabello at Tweedsmuir SB - #2673 → Highbury at Calvin SB - #897 → Hamilton at Mamelon EB - #865 → Adelaide at Ada NB - #20,14,17.34
Route_11,ADELADA1 → COMMADE4 → ADELSDAL → WILTSIS2 → SOUTKOR2 → SOUTKOR1 → SOUTPOM2 → HUBRENT4 → HUBRWIL2 → WILTPMI2 → WILTSIS4 → NEWBBRA1 → BRADMIL2 → BRADERN1 → BRADJAL1 → BRADERN2 → ERNECON1 → WHITEXE3 → JALNBRA1 → JALNBEM2 → JALNBEE1 → JALNBEE2 → WELLSDA2 → PARKWEC2 → COMMWCO2 → ADELADA1,Adelaide at Ada NB - #20 → Commissioners west of Adelaide WB - #447 → Adelaide at Southdale SB - #77 → 990 Wilton Grove WB - #2303 → Southdale at Koru Crt WB - #1684 → Southdale at Koru Crt EB - #1683 → Southdale at Pond Mills WB - #1698 → Hubrey at Enterprise south SB - #988 → Hubrey at Wilton Grove SB - #989 → Wilton Grove West of Pond Mills WB - #2299 → Wilton Grove at Sise Rd WB - #2075 → Newbold at Bradley NB - #2335 → Bradley at Millbank WB - #2968 → Bradley west of Ernest WB - #2790 → Bradley at Jalna FS EB - West Leg - #2792 → Bradley west of Ernest 2 WB - #2791 → Ernest at Conway NB - #656 → White Oak Road at Exeter NS 2 SB - #2905 → 1102 Jalna - #1044 → Jalna at Beechmount SB - #1043 → Jalna at Beechbank NB - #1040 → Jalna at Beechbank Cr SB - #1041 → Wellington at Southdale SB - #1964 → Parkwood Hospital at  Western Counties Rd WB - #1376 → Commissioners at Western Counties Rd - #2426 → Adelaide at Ada NB - #20,26,24.83
Route_12,ADELADA1 → DUNDENGL → DUNDCOL2 → GAINWON1 → PHILBIL2 → SARNWES1 → WINDDOO4 → CHEAMAI2 → HAMIWIL1 → ADELADA1,Adelaide at Ada NB - #20 → Dundas at English WB - #565 → Dundas at Colborne WB - #553 → Sherwood Forest Mall EB - #756 → Phillbrook at Billybrook NB 1 - #2713 → Sarnia at Western EB - #1646 → Windermere at Doon Dr 1 WB - #2082 → Cheapside at Maitland WB - #358 → Hamilton at William EB - #2317 → Adelaide at Ada NB - #20,10,25.9
Route_13,ADELADA1 → HAMIREC1 → DUNDASH1 → THIROXF2 → CLARCHE3 → HUROMCN1 → HUROBRI2 → HUROVES1 → HUROVES2 → HUROHIG4 → HUROSAN2 → FANSGLE3 → FANSMCL3 → KIPPADEL → FANSNCR4 → OXFOGEO2 → ADELADA1,Adelaide at Ada NB - #20 → Hamilton at Rectory EB - #874 → Dundas at Ashland EB - #540 → Third at Oxford  SB - #1772 → Clarke at Cheapside SB - #2947  → Huron at McNay EB - #1011 → Huron at Briarhill WB - #1003 → Huron at Vesta EB - #1017 → Huron at Vesta WB - #1018 → Huron west of Highbury WB - #1010 → Huron at Sandford WB - #1016 → Fanshawe at Glenora EB - #2469 → Fanshawe at Stackhouse EB - #2470 → Kipps at Adelaide EB - #1093 → Fanshawe east of North Centre WB - #707 → Oxford at St. George WB - #1299 → Adelaide at Ada NB - #20,17,28.71
Route_14,ADELADA1 → HUROBRI3 → ADELREG1 → SOWEMARI → SOWESUNN → PHILBILL → FANSWON3 → WESTAMB2 → RICHKEN2 → WELLDUN3 → ADELADA1,Adelaide at Ada NB - #20 → 945 Huron - #2306 → Adelaide at Regent NB - #74 → South Wenige at Marigold St NB - #1724 → South Wenige at Sunningdale NB - #1727 → Phillbrook at Billybrook - #2352 → Fanshawe west of Wonderland WB - #2756 → Western at Ambleside Dr SB - #1984 → Richmond at Kent SB - #1489 → Wellington at King Station NB - #1939 → Adelaide at Ada NB - #20,11,25.97
Route_15,ADELADA1 → THOMCHE2 → THOMCHE1 → VICTZONB → UPPECOM2 → COMMUPP1 → SOUTDUL2 → WILLOSG2 → WILLOSG1 → SOUTMIL6 → OSGOBRE1 → DEARDUL1 → BRADWEL2 → WILLDEAR → JALNTUMB → JALNPOP1 → SANDVER2 → EDWAHIWY → KINGTALB → RICHKIN4 → OXFORAT2 → RIVEWHA2 → WHARPAUL → RICHQUE1 → ADELADA1,Adelaide at Ada NB - #20 → Thompson at Chesterfield  WB - #1780 → Thompson at Chesterfield  EB - #1779 → Victoria Hospital & Baseline Rd Ent WB - #1859 → Upper Queens at Commissioners Rd SB - #1827 → Commissioners at Upper Queens FS EB - #2810 → Southdale at Dulaney WB - #1674 → Willow at Osgoode WB - #2070 → Willow at Osgoode  EB - #2069 → Southdale West of Millbank WB - #1690 → Osgoode at Breckenridge EB - #1251 → Dearness at Dunelm Lane NB - #506 → Bradley at Wellington WB - #2327 → Willow at Dearness EB - #2068 → Jalna at Tumbleweed SB - #1072 → Jalna at Poplar WB - #1067 → Sandringham at Verulam WB - #1626 → Edward at Highway SB - #637 → King at Talbot Station EB - #2736 → Richmond at King SB - #2740 → Oxford at Rathowen WB - #1332 → Riverside east of Wharncliffe WB - #2336 → Wharncliffe at Paul SB - #2049 → Richmond north of Queens SB - #2741 → Adelaide at Ada NB - #20,25,23.85
Route_16,ADELADA1 → WHARBYR1 → WHARBYR2 → KERNSPR1 → HYDERIVE → VALEPLA2 → VALEADEV → OXFOOLH1 → RIVEANT1 → COMMLYN4 → COMMSTE1 → BYBAGRIF → GRIFNORM → GRIFCOMM → SPRIWES1 → SOUTSWCC → TOPPCOM1 → COMMBEA2 → HORTRID1 → HORTWAT2 → ADELADA1,Adelaide at Ada NB - #20 → Wharncliffe at Byron NB - #2022 → Wharncliffe at Byron  SB - #2023 → Kernohan at Springbank Dr SB - #2763 → Hyde Park at Riverside NB - #1031 → Valetta at Plantation Rd WB - #1845 → Valetta at Adevon WB - #1832 → Oxford at Old Hunt EB - #1324 → Riverside at St. Anthony EB - #1562 → Opposite St George's Parish - #468 → Commissioners at Stephen SB - #2539 → Byron Baseline at Griffith EB - #318 → Griffith at Norman SB - #817 → Griffith at Commissioners SB - #811 → 928 Springbank EB - #1750 → Southdale at SW Community Centre EB - #2769 → Topping Lane at Commissioners NB - #2770 → Commissioners west of Beachwood EB - #2462 → Horton at Ridout EB - #970 → Horton at Waterloo WB - #977 → Adelaide at Ada NB - #20,21,29.96
Route_17,ADELADA1 → HAMISAC1 → HIGBWIL1 → DUNDFIR2 → HALEDOU1 → HALEDOU2 → OAKVCHIP → RICHWEC1 → WONDSAR5 → WONDLAW1 → UNIVHOS2 → ADELGLEN → ADELGRO1 → ADELHIL2 → ADELADA1,Adelaide at Ada NB - #20 → Hamilton at Sackville EB - #879 → Highbury at Wilton NB - #928 → Dundas east of First WB - #567 → Hale at Doulton NB - #831 → Hale at Burslem SB - #832 → Oakville at Chippewa NB - #1244 → Richmond at Westchester NB - #1516 → Wonderland North of Sarnia NB - #2987 → Wonderland at Lawson NB - #2985 → Universtiy Hospital SB - #1817 → Adelaide at Glenora NB - #33 → Adelaide at Grosvenor NB - #34 → Adelaide at Hill SB - #38 → Adelaide at Ada NB - #20,15,29.78
Route_18,ADELADA1 → KINGBUR4 → OXFORAT1 → BLACHOM2 → OXFORIV1 → RIVEOXF1 → COMMCAD1 → COMMTOP1 → COMMHILD → COMMKIFD → ADELADA1,Adelaide at Ada NB - #20 → King at Burwell Station WB - #2978 → Oxford at Rathowen EB - #1331 → Blackacres at Hawthorne NB - #265 → Oxford east of Riverbend EB - #2974 → Riverbend at Oxford SB - #2975 → Commissioners at Cadeau Terrace 1 WB - #2531 → Commissioners at Topping Lane WB - #2466 → Commissioners at Highland WB - #2807 → Commissioners at Kingsford WB - #2808 → Adelaide at Ada NB - #20,11,26.8
Route_19,ADELADA1 → WHARWYAT → RIVEMTPL → RIVEMURD → VALESHR2 → WHARMOIR → WHARMPL1 → OXFOWAT2 → RICHPALL → HUROCOLB → HUROWEDG → HUROSAN1 → HUROWEB2 → DUNDCLK4 → WEXFADM2 → WAVESASK → ADELADA1,Adelaide at Ada NB - #20 → Wharncliffe at Wyatt SB - #2057 → Riverside at Mt. Pleasant  WB - #1587 → Riverside at Murdock EB - #1588 → Valetta at Shrene Terrace WB - #1848 → Wharncliffe at Moir NB - #2043 → Wharncliffe at Mount Pleasant NB - #2044 → Oxford at Waterloo WB - #1355 → Richmond at Pall Mall NB - #1496 → Huron at Colborne EB - #1005 → Huron at Wedgewood WB - #1024 → Huron at Sandford EB - #1015 → Huron at Webster WB - #1022 → Dundas at Clarke WB - #551 → Wexford & Admiral NB - #2677 → Wavell at Saskatoon St WB - #1915 → Adelaide at Ada NB - #20,17,28.53
Route_20,ADELADA1 → WONDLAW2 → GRIFBBA2 → WONDVIL1 → COMMSPR1 → COMMSPR4 → SPRIJAR2 → WONDCOM3 → BERKROB1 → EMERHIW2 → EDWABASE → ADELADA1,Adelaide at Ada NB - #20 → Wonderland at Lawson SB - #2986 → Griffith at Byron Baseline SB - #808 → Wonderland at Village Green NB - #2135 → Commissioners at Springbank Park EB - #479 → Commissioners at Springbank Park WB - #481 → Springbank at Jarvis St WB - #1741 → Wonderland North of Commissioners NB - #2102 → Berkshire at Robin NB - #242 → Emery at Highwood WB - #645 → Edward at Baseline SB - #630 → Adelaide at Ada NB - #20,12,29.74
Route_21,ADELADA1 → SOUTHOSP → WHARTEC1 → WHARRIG2 → RIVEWHA4 → WHARMCDO → HURORIC1 → BARKMELS → BARKMEL1 → ROBHURO → ROBHILSB → INDUOXFO → OXFOGM3 → HIGHTOW1 → OXFOHIG3 → HIGBBEA1 → HIGBBRY2 → ADELADA1,Adelaide at Ada NB - #20 → South at Colborne EB - #2276 → Wharncliffe at Tecumseh NB - #2054 → Wharncliffe at The Ridgeway SB - #2051 → Riverside West of Wharncliffe WB - #1601 → Western at Essex SB - #2042 → Huron at Richmond EB - #1013 → Barker at Melsandra NS SB - #2789 → Barker at Melsandra FS NB - #2788 → Robins Hill at Huron SB - #2943 → 15902 Robins Hill Road SB - #2942 → Industrial at Oxford NB - #1034 → 2035 Oxford - #1302 → Highbury at Townsend NB - #2712 → Oxford at Highbury EB - #1309 → Highbury at Beattie NB - #893 → Highbury at Brydges SB - #896 → Adelaide at Ada NB - #20,18,28.97
Route_22,ADELADA1 → HUROADE4 → ADELGLE1 → FANSGLE1 → FANSHIGH → AMBEWTHA → AZIZWEST → AMBEHESK → BARKKIPP → CHEABRA1 → OXFOSTE1 → ADELADA1,Adelaide at Ada NB - #20 → Huron west of Adelaide WB - #997 → Adelaide at Glenora SB - #2779 → Fanshawe at Glengarry EB - #692 → Fanshawe at Highbury EB - #698 → Ambleside at Whitehaven NS SB - #2784 → Philip Aziz at Western NB - #2785 → Ambleside at Hesketh NS SB - #2782 → Barker at Kipps NS NB - #2787 → Cheapside at Brampton EB - #351 → Oxford at Sterling EB - #1346 → Adelaide at Ada NB - #20,12,29.96
Route_23,ADELADA1 → OXFORIC1 → MCNAHUR1 → FANSSTAC → GRENSTA1 → 1985RIC1 → 1985RICH → HASTVIR2 → WESTWIN1 → AMBECORL → AMBEGRAN → LIMBARD3 → WOODCAM2 → ADELADA1,Adelaide at Ada NB - #20 → Oxford at Richmond EB - #1333 → McNay at Huron NB - #1156 → Fanshawe at Stackhouse WB - #2734 → Grenfell at Stackhouse WB - #2846 → Opp 1985 Richmond NB - #2773 → 1985 Richmond SB - #2774 → Hastings at Virginia SB - #2233 → Windermere at Western EB - #2772 → Ambleside at Corley FS SB - #2780 → Ambleside at Grangeover Cres NS SB - #2781 → Limberlost between Lawson and Ardsley NB - #1120 → Woodward at Cambridge SB - #2141 → Adelaide at Ada NB - #20,14,28.42
Route_24,ADELADA1 → HIGBBEA2 → DUNDFIR1 → ADMIKIP1 → DUNDWAV1 → OXFOCLA1 → INDUPAG3 → OXFOGM1 → HIGBCHE1 → DUNDEAS3 → TRAFHUD4 → TRAFHUD2 → HUDSTRAF → HUDSBAFF → CLARFIS2 → HAMIOAKL → HAMIYMCA → HAMIGIL2 → HAMIGIL1 → ADELADA1,Adelaide at Ada NB - #20 → Highbury at Beattie SB - #894 → Dundas at First EB - #566 → 319 Admiral - #97 → Dundas east of Wavell EB - #617 → Oxford east of Clarke EB - #1273 → Industrial north of Page 2 NB - #1036 → General Dynamics Gate 4 - #1300 → Highbury at Cheapside NB - #898 → Dundas east of Eastwood EB - #557 → Trafalgar Between Hudson and Admiral WB - #1797 → Trafalgar at Hudson  WB - #1796 → Hudson at Trafalgar NB - #993 → Hudson at Baffin Place EB - #990 → Clarke at Firestone SB - #405 → Hamilton west of Braeside WB - #2658 → Hamilton east of Meadowlily WB - #2662 → Hamilton at Giles WB - #856 → Hamilton at Giles EB - #855 → Adelaide at Ada NB - #20,20,26.55
Route_25,ADELADA1 → WHARMPL2 → ALDEBRU2 → ALDEBRU1 → ALDEREX1 → ALDERAN1 → WONDOXF4 → WONDATT1 → GLENMCG1 → GLENRID2 → OXFOQUE2 → OXFOQUE1 → ADELADA1,Adelaide at Ada NB - #20 → Wharncliffe at Mt. Pleasant Ave SB - #2045 → Aldersbrook at Brunswick SB - #123 → Aldersbrook at Brunswick NB - #122 → Aldersbrook at Rexway NB - #134 → Aldersbrook at Ranchwood NB - #132 → Wonderland South of Oxford SB - #2118 → Wonderland at Attawandaron NB - #2982 → Glenora at McGill WB - #2474 → Glenora at Rideau WB - #2475 → Oxford at Quebec WB - #1330 → Oxford at Quebec EB - #1329 → Adelaide at Ada NB - #20,13,29.67
Route_26,ADELADA1 → BARKHUR1 → MCNAMEL2 → GLENGLE2 → GLENGLV2 → ADELMAPL → PHILBIL3 → ADELKIP1 → FANSMCL1 → MCNACHEA → OAKVHURO → BARKHURO → BRIAHURO → OXFOCLE2 → OXFOLYMA → QUEBDUFF → ADELADA1,Adelaide at Ada NB - #20 → Barker at Huron NB - #2786 → McNay at Melsandra SB - #1159 → Glenora at Glengarry WB - #2472 → Glenora at Glenview WB - #2473 → Adelaide at Mapledale SB - #55 → Phillbrook at Billybrook NB 2 - #2714 → Adelaide north of Kipps Lane  NB - #43 → Fanshawe at McLean EB - #2732 → McNay at Cheapside SB - #1155 → Oakville at Huron NB - #1245 → Barker at Huron SB - #176 → Briarhill at Huron SB - #300 → Oxford at Clemens WB - #1279 → Oxford at Lyman WB - #1319 → Quebec at Dufferin SB - #1434 → Adelaide at Ada NB - #20,17,29.92
Route_27,ADELADA1 → DOONSUNY → GRENMIDA → SEAGHYPK → SARNBRES → SARNCOOM → WESTHOL2 → WHAROXF1 → EMERPADD → ADELADA1,Adelaide at Ada NB - #20 → Doon at Sunnyside WB - #525 → Grenfell at Midale WB - #803 → Seagull at Hyde Park WB - #1653 → Sarnia at Brescia Lane WB - #1637 → Sarnia at Coombs EB - #1640 → Western at Hollywood Crt SB - #1993 → Wharncliffe at Oxford NB - #2046 → Emery at Paddington EB - #646 → Adelaide at Ada NB - #20,10,29.2
Route_28,ADELADA1 → ADELQUEE → ADELPIC1 → ADELHUR1 → ADELKIP2 → FANSWON1 → FANSFOX1 → OXFOROY1 → WONDWHI1 → LIMBGAI1 → BEAVWILR → RIVEORI2 → HORTWHA4 → RIDOING1 → ADELADA1,Adelaide at Ada NB - #20 → Adelaide at Queens SB - #73 → Adelaide at Piccadilly NB - #70 → Adelaide at Huron  NB - #39 → Adelaide north of Kipps Lane SB - #44 → Fanshawe at Wonderland EB - #2516 → Fanshawe at Foxwood EB - #2755 → Oxford at Royal York EB - #1337 → Wonderland at Whiteacres NB - #2989 → Limberlost at Gainsborough NB - #1124 → Beaverbrook at Wild Rose WB - #2388 → Riverside at Old Riverside WB - #1590 → Horton west of Wharncliffe 2 WB - #982 → Ridout at Ingleside NB - #1547 → Adelaide at Ada NB - #20,15,29.93
Route_29,ADELADA1 → GREYWATE → WHARLEXI → WESTLAM2 → WONDSER2 → COMMGRAN → BEAVWOND → BEAVOXF2 → YORKTHA1 → ADELADA1,Adelaide at Ada NB - #20 → Grey at Waterloo WB - #805 → Wharncliffe at Lexington  SB - #2041 → Western at Lambton  SB - #1996 → Sherwood Forest Mall SB - #2988 → Commissioners at Grandview WB - #2536 → Beaverbrook at Wonderland WB - #228 → Beaverbrook at Oxford SB - #227 → York at Thames EB - #2170 → Adelaide at Ada NB - #20,10,24.48
Route_30,ADELADA1 → ADELMAUD → MILLSDA2 → ASHBSUR2 → BRADJAL2 → BRADMEDI → ERNECON2 → JALNAUGU → EXETSHOL → HOLIEXET → WHITOMA2 → WHITOMA1 → WHITOMA3 → WHOKMASB → WHARWDAL → BRADADE1 → OSGOFITZ → OSGOBRE2 → MILLSDA1 → HIGHWIN3 → ADELADA1,Adelaide at Ada NB - #20 → Adelaide at Maud NB - #56 → Millbank at Southdale SB - #1189 → Ashbury at Surrey Cres SB - #171 → Bradley west of Jalna WB - East Leg - #2793 → Bradley at Jalna East EB - #2597 → Ernest at Conway SB - #657 → Jalna at Augusta WB - #1039 → Exeter at Sholto WB - #671 → Holiday at Exeter SB - #954 → White Oaks Mall Stop 1 - #2062 → White Oaks Mall Stop 2 - #2061 → White Oaks Mall Stop 3 - #2060 → Jalna at White Oaks Mall SB - #2296 → Wharncliffe at Westdale SB - #2056 → Bradley between Willow & Adelaide  EB - #291 → Osgoode at Fitzroy WB - #1253 → Osgoode at Breckenridge WB - #1252 → Millbank at Southdale NB - #1188 → High at Windsor Cres NB - #941 → Adelaide at Ada NB - #20,21,23.24
Route_31,ADELADA1 → DUNDQUE1 → ADELMCMA → RICHCHE1 → RICHMILL → OXFORIC2 → RIVEORI1 → RIVEHAR1 → VISCVIGR → SOUTNOD4 → ERNEPAUL → ERNEMUR3 → SHOLEXE1 → SHOLJAL2 → WHITOMA4 → MILLSHA2 → MILLDOWN → MILLSTAN → ADELLEA2 → ADELTHO4 → ADELTHO1 → ADELADA1,Adelaide at Ada NB - #20 → Dundas at Quebec EB - #594 → Adelaide at McMahen NB - #57 → Richmond at Cheapside NB - #1464 → Richmond at Mill SB - #1493 → Oxford at Richmond WB - #1334 → Riverside at Old Riverside EB - #1589 → Riverside at Hartson east EB - #1581 → Viscount at Village Green WB - #1888 → Southdale West of Notre Dame WB - #1696 → Ernest at Pauline SB - #667 → Ernest at Muriel NB - #666 → Sholto at Exeter NB - #1658 → Jalna at Archer N Leg SB - #1661 → White Oaks Mall Stop 4 - #2063 → Millbank at Shaftsbury east SB - #1192 → Millbank at Downing NB - #1180 → Millbank at Stanhope NB - #1195 → Adelaide at Leathorne SB - #49 → Adelaide at Thompson SB - #84 → Adelaide at Thompson NB - #82 → Adelaide at Ada NB - #20,22,29.34
Route_32,ADELADA1 → RICHKEN1 → ALDEARD1 → 517FANS1 → SUNNVIL1 → SUNNRICH → WONDATTA → AMBEHILL → CHAMSKYL → RICHUNI2 → COLBCEN2 → ADELADA1,Adelaide at Ada NB - #20 → Richmond at Angel NB - #1488 → Aldersbrook at Ardsley NB - #114 → Opp 517 Fanshawe Park Rd EB - #2979 → Sunningdale at Village Walk FS WB - #2882 → Sunningdale at Richmond NS EB - #2881 → Wonderland at Attawandaron Gt. SB - #2096 → Ambleside at Hillside NS SB - #2783 → Chambers at Skyline NB - #342 → Richmond at University SB - #1513 → Colborne at Central SB - #433 → Adelaide at Ada NB - #20,12,29.39
Route_33,ADELADA1 → HORTWELL → HORTWHA2 → HORTWHA3 → SPRIKER1 → WHARMOR2 → EXETMEA4 → CAMPMARI → HYDEVALE → GARDBER1 → SOUTBAS2 → WHARBAS2 → BASEWHA2 → WILKCHI2 → WILKCHI1 → WELLBAS3 → ADELADA1,Adelaide at Ada NB - #20 → Horton at Wellington EB - #978 → Horton west of Wharncliffe WB - #980 → Horton west of Wharncliffe EB - #981 → Springbank at Kernohan Parkway EB - #1742 → Wharncliffe at Morgan NS SB - #2961  → Exeter at Meadowbrook FS 1 EB - #2825 → Campbell at Marianna SB - #2506 → Hyde Park at Valetta NB - #1032 → Gardenwood at Berkshire NB - #759 → Southcrest at Base Line EB - #2765 → Wharncliffe at BaseLine NS SB - #2016 → Base Line at Wharncliffe WB - #216 → Wilkins at Chiddington Gate SB - #2067 → Wilkins at Chiddington Gate NB - #2066 → Wellington at Baseline Rd FS NB - #2911 → Adelaide at Ada NB - #20,17,29.58
Route_34,ADELADA1 → WINDRIC1 → COLBGRO2 → HURORIC2 → WINDADE1 → HUROFRAS → HUROWAT2 → HUROWAT1 → PHILSILV → ADELBLAC → ADELKIP6 → ADELWIN2 → ADELWIN1 → ADELVIC1 → ADELVIC2 → ADELCHE2 → ADELDUN1 → ADELADA1,Adelaide at Ada NB - #20 → Windermere at Richmond EB - #2083 → Colborne at Grosvenor NB - #2798 → Huron at Richmond WB - #1014 → 703 Windermere EB - #2076 → Huron at Fraser WB - #1006 → Huron at Waterloo WB - #1020 → Huron at Waterloo EB - #1019 → Phillbrook at Silverbrook WB - #1385 → Adelaide at Blackwater SB - #2693 → Adelaide south of Kipps Lane 2 SB - #47 → Adelaide at Windermere SB - #90 → Adelaide at Windermere NB - #89 → Adelaide at Victoria NB - #87 → Adelaide at Victoria SB - #88 → Adelaide at Cheapside SB - #25 → Adelaide at Dundas NB - #27 → Adelaide at Ada NB - #20,18,27.72
Route_35,ADELADA1 → WELLBOND → RICHSIM1 → FOREHIL1 → VALEWOO1 → COLTSOU2 → COMMSTEP → CRANCOMM → VISCDUN2 → COMMFOE2 → WESTMAL4 → ANDOVIG2 → COMMVISC → UPPECOM1 → PARKMAEN → WESTWHE1 → ADELADA1,Adelaide at Ada NB - #20 → Wellington at Bond  NB - #1925 → Richmond at Simcoe NB - #1509 → Proudfoot at Forest Hills EB - #2341 → Valetta at Woodborough St EB - #1849 → Colonel Talbot at Southdale NB - #2619 → Commissioners at Stephen WB - #482 → Cranbrook at Commissioners NB - #487 → Viscount at Dunsmoor EB - #2633 → Commissioners at Forest Edge EB - #2465 → Westmount Mall at Stop 4 - #2436 → Andover at Village Green SB - #161 → Commissioners at Viscount EB - #483 → Upper Queens at Commissioners Rd NB - #1826 → Parkwood Hospital Main Entrance WB - #1373 → Westminster at Whetter Ave NB - #2007 → Adelaide at Ada NB - #20,17,29.39
